DMA,retail_month,gross_bookings
new york,11/1/18,316713
new york,9/1/18,243240
new york,5/1/19,232809
new york,2/1/19,200164
new york,10/1/18,194859
new york,4/1/19,173510
new york,7/1/18,163520
new york,3/1/19,158588
san francisco-oakland-san jose,11/1/18,155397
new york,6/1/18,151125
new york,12/1/18,150806
new york,1/1/19,140608
san francisco-oakland-san jose,5/1/19,134979
chicago,5/1/19,125023
chicago,4/1/19,122516
chicago,3/1/19,122386
los angeles,11/1/18,122009
san francisco-oakland-san jose,2/1/19,118692
los angeles,5/1/19,110922
"washington, dc-hagrstwn",11/1/18,110011
seattle-tacoma,11/1/18,108966
"washington, dc-hagrstwn",5/1/19,107942
seattle-tacoma,2/1/19,94733
"washington, dc-hagrstwn",3/1/19,94196
"washington, dc-hagrstwn",2/1/19,91752
san francisco-oakland-san jose,6/1/18,91650
san francisco-oakland-san jose,9/1/18,91435
new york,8/1/18,91045
seattle-tacoma,5/1/19,88871
los angeles,2/1/19,87470
san francisco-oakland-san jose,4/1/19,85465
san francisco-oakland-san jose,12/1/18,84541
san francisco-oakland-san jose,7/1/18,83925
chicago,2/1/19,82839
los angeles,12/1/18,82446
los angeles,3/1/19,80701
seattle-tacoma,3/1/19,79811
los angeles,7/1/18,78570
"washington, dc-hagrstwn",4/1/19,76748
denver,11/1/18,75847
"washington, dc-hagrstwn",9/1/18,75820
los angeles,1/1/19,73388
san francisco-oakland-san jose,3/1/19,73324
chicago,7/1/18,68255
los angeles,9/1/18,67605
seattle-tacoma,4/1/19,65257
san francisco-oakland-san jose,1/1/19,64865
san francisco-oakland-san jose,10/1/18,63979
seattle-tacoma,1/1/19,63770
seattle-tacoma,7/1/18,62655
chicago,9/1/18,62335
philadelphia,2/1/19,60016
philadelphia,11/1/18,59383
denver,5/1/19,59131
seattle-tacoma,9/1/18,58635
"washington, dc-hagrstwn",10/1/18,57888
chicago,11/1/18,57762
minneapolis-saint paul,5/1/19,57560
denver,2/1/19,57005
minneapolis-saint paul,11/1/18,56638
"washington, dc-hagrstwn",7/1/18,53410
"washington, dc-hagrstwn",1/1/19,53352
los angeles,4/1/19,50604
chicago,8/1/18,50115
"portland, or",11/1/18,50020
seattle-tacoma,10/1/18,49685
chicago,12/1/18,48997
atlanta,2/1/19,48246
raleigh-durham,11/1/18,46555
seattle-tacoma,12/1/18,46398
"portland, or",2/1/19,45628
chicago,10/1/18,45620
denver,7/1/18,45305
atlanta,12/1/18,44227
san francisco-oakland-san jose,8/1/18,42880
raleigh-durham,2/1/19,42455
philadelphia,5/1/19,40793
chicago,1/1/19,40026
san diego,11/1/18,39929
dallas-fort worth,5/1/19,39679
denver,3/1/19,39674
"washington, dc-hagrstwn",12/1/18,38354
salt lake city,11/1/18,38144
philadelphia,7/1/18,37755
"portland, or",4/1/19,37423
austin,4/1/19,37085
austin,11/1/18,37001
minneapolis-saint paul,2/1/19,36932
chicago,6/1/18,36850
los angeles,10/1/18,36649
minneapolis-saint paul,12/1/18,36492
philadelphia,12/1/18,36330
"washington, dc-hagrstwn",6/1/18,35655
"portland, or",5/1/19,35175
denver,9/1/18,34775
nashville,11/1/18,34475
"portland, or",12/1/18,34422
philadelphia,4/1/19,34416
atlanta,3/1/19,33691
seattle-tacoma,6/1/18,33640
detroit,11/1/18,32616
raleigh-durham,5/1/19,32119
minneapolis-saint paul,9/1/18,32010
"portland, or",3/1/19,31752
denver,4/1/19,31734
atlanta,11/1/18,31546
austin,2/1/19,31472
denver,12/1/18,31397
philadelphia,10/1/18,30390
philadelphia,3/1/19,29966
raleigh-durham,12/1/18,29205
baltimore,11/1/18,29197
philadelphia,6/1/18,28755
los angeles,6/1/18,28625
philadelphia,9/1/18,28200
baltimore,5/1/19,26747
raleigh-durham,1/1/19,25922
"portland, or",9/1/18,25800
seattle-tacoma,8/1/18,25480
houston,5/1/19,25268
austin,5/1/19,25098
baltimore,2/1/19,25058
austin,12/1/18,25007
atlanta,9/1/18,24975
detroit,5/1/19,24927
dallas-fort worth,11/1/18,24886
austin,9/1/18,24795
minneapolis-saint paul,4/1/19,24689
san diego,2/1/19,24391
atlanta,7/1/18,24390
baltimore,4/1/19,24356
houston,11/1/18,24236
denver,1/1/19,23899
los angeles,8/1/18,23825
raleigh-durham,3/1/19,23766
atlanta,1/1/19,23727
austin,3/1/19,23695
raleigh-durham,4/1/19,23586
salt lake city,5/1/19,23445
atlanta,5/1/19,22872
minneapolis-saint paul,1/1/19,22851
dallas-fort worth,7/1/18,22790
dallas-fort worth,10/1/18,22763
"columbus, oh",2/1/19,22758
raleigh-durham,7/1/18,22730
dallas-fort worth,4/1/19,22540
pittsburgh,2/1/19,22488
"washington, dc-hagrstwn",8/1/18,22405
minneapolis-saint paul,7/1/18,22400
sacramento-stockton-modesto,11/1/18,22376
atlanta,4/1/19,22274
dallas-fort worth,3/1/19,21840
detroit,4/1/19,21820
austin,8/1/18,21755
dallas-fort worth,2/1/19,21607
"portland, or",7/1/18,21320
atlanta,10/1/18,21173
austin,7/1/18,21045
houston,7/1/18,20970
salt lake city,12/1/18,20888
"portland, or",1/1/19,20744
philadelphia,1/1/19,20382
houston,4/1/19,20372
sacramento-stockton-modesto,2/1/19,20366
dallas-fort worth,9/1/18,20255
houston,9/1/18,20010
denver,10/1/18,20000
minneapolis-saint paul,3/1/19,19809
baltimore,3/1/19,19746
houston,2/1/19,19641
detroit,7/1/18,19510
milwaukee,2/1/19,19433
indianapolis,11/1/18,19212
richmond-petersburg,11/1/18,18617
nashville,12/1/18,18549
richmond-petersburg,5/1/19,18525
milwaukee,5/1/19,18520
detroit,2/1/19,18387
nashville,3/1/19,18140
detroit,3/1/19,18010
"columbus, oh",5/1/19,17940
baltimore,7/1/18,17770
phoenix,5/1/19,17699
salt lake city,7/1/18,17660
minneapolis-saint paul,10/1/18,17615
san diego,12/1/18,17591
cleveland-akron,3/1/19,17192
madison,2/1/19,17155
harrisburg-lancaster-lebanon-york,11/1/18,17130
cleveland-akron,5/1/19,17095
charlotte,4/1/19,17015
baltimore,12/1/18,16985
cleveland-akron,2/1/19,16828
denver,6/1/18,16665
san diego,5/1/19,16658
san antonio,11/1/18,16507
salt lake city,9/1/18,16425
tampa-st petersburg-sarasota,2/1/19,16325
phoenix,2/1/19,16260
san diego,9/1/18,16220
phoenix,11/1/18,16194
salt lake city,2/1/19,16193
raleigh-durham,9/1/18,15980
nashville,4/1/19,15781
kansas city,9/1/18,15775
charlotte,11/1/18,15664
dallas-fort worth,1/1/19,15644
baltimore,9/1/18,15480
houston,12/1/18,15407
kansas city,2/1/19,15335
kansas city,3/1/19,15318
"portland, or",6/1/18,15130
detroit,12/1/18,15109
sacramento-stockton-modesto,1/1/19,15090
phoenix,3/1/19,14936
tampa-st petersburg-sarasota,3/1/19,14921
salt lake city,4/1/19,14774
grand rapids-kalamazoo-battle creek,11/1/18,14613
austin,10/1/18,14573
milwaukee,11/1/18,14475
albuquerque-santa fe,5/1/19,14350
saint louis,10/1/18,14230
kansas city,4/1/19,14192
grand rapids-kalamazoo-battle creek,4/1/19,14083
miami-fort lauderdale,12/1/18,14032
"portland, or",10/1/18,13980
miami-fort lauderdale,4/1/19,13974
raleigh-durham,10/1/18,13965
salt lake city,3/1/19,13717
cleveland-akron,4/1/19,13710
sacramento-stockton-modesto,3/1/19,13652
houston,10/1/18,13554
detroit,10/1/18,13480
saint louis,3/1/19,13397
greenville-spartanburg-asheville,11/1/18,13315
sacramento-stockton-modesto,5/1/19,13297
richmond-petersburg,4/1/19,13278
detroit,1/1/19,13139
saint louis,11/1/18,12881
cleveland-akron,11/1/18,12803
indianapolis,9/1/18,12780
saint louis,2/1/19,12690
dallas-fort worth,12/1/18,12523
nashville,9/1/18,12495
norfolk-portsmouth-newport news,11/1/18,12475
nashville,6/1/18,12440
nashville,2/1/19,12435
cincinnati,8/1/18,12420
tampa-st petersburg-sarasota,11/1/18,12414
jacksonville,2/1/19,12393
miami-fort lauderdale,11/1/18,12345
richmond-petersburg,2/1/19,12330
san antonio,2/1/19,12328
"columbus, oh",4/1/19,12308
madison,11/1/18,12303
pittsburgh,3/1/19,12284
orlando-daytona beach-melbourne,11/1/18,12204
charlotte,3/1/19,12075
omaha,5/1/19,11940
kansas city,11/1/18,11938
milwaukee,9/1/18,11890
"columbus, oh",11/1/18,11840
houston,3/1/19,11784
dallas-fort worth,6/1/18,11745
raleigh-durham,6/1/18,11695
pittsburgh,11/1/18,11669
greenville-spartanburg-asheville,2/1/19,11669
kansas city,5/1/19,11609
miami-fort lauderdale,1/1/19,11578
san diego,10/1/18,11535
tampa-st petersburg-sarasota,5/1/19,11490
tampa-st petersburg-sarasota,4/1/19,11486
detroit,9/1/18,11450
richmond-petersburg,7/1/18,11435
boise,11/1/18,11383
atlanta,8/1/18,11340
san diego,7/1/18,11295
nashville,5/1/19,11285
buffalo,11/1/18,11185
sacramento-stockton-modesto,4/1/19,11153
phoenix,7/1/18,11135
spokane,11/1/18,11065
"portland, or",8/1/18,11035
orlando-daytona beach-melbourne,2/1/19,10998
charlotte,7/1/18,10855
baltimore,6/1/18,10845
san antonio,5/1/19,10790
cleveland-akron,1/1/19,10790
miami-fort lauderdale,5/1/19,10710
cleveland-akron,12/1/18,10679
miami-fort lauderdale,9/1/18,10650
new orleans,5/1/19,10564
nashville,7/1/18,10490
indianapolis,2/1/19,10485
salt lake city,1/1/19,10465
madison,4/1/19,10435
milwaukee,12/1/18,10392
buffalo,2/1/19,10378
orlando-daytona beach-melbourne,6/1/18,10260
santa barbara-san mar-san luis obispo,10/1/18,10260
atlanta,6/1/18,10255
saint louis,4/1/19,10176
houston,1/1/19,10138
louisville,11/1/18,10097
phoenix,9/1/18,10005
saint louis,1/1/19,9966
milwaukee,4/1/19,9820
philadelphia,8/1/18,9755
denver,8/1/18,9740
eugene,10/1/18,9740
cincinnati,11/1/18,9673
austin,1/1/19,9627
richmond-petersburg,3/1/19,9609
des moines-ames,5/1/19,9540
charlotte,12/1/18,9476
buffalo,9/1/18,9470
lansing,11/1/18,9463
houston,6/1/18,9345
houston,8/1/18,9255
austin,6/1/18,9250
pittsburgh,8/1/18,9250
cleveland-akron,7/1/18,9155
oklahoma city,3/1/19,9150
indianapolis,4/1/19,9115
yakima-pasco-rchlnd-knnwck,5/1/19,9070
miami-fort lauderdale,2/1/19,9064
oklahoma city,7/1/18,9005
charlotte,9/1/18,9005
pittsburgh,4/1/19,9000
charlotte,10/1/18,8965
monterey-salinas,12/1/18,8928
dallas-fort worth,8/1/18,8910
cincinnati,7/1/18,8900
albuquerque-santa fe,11/1/18,8799
tampa-st petersburg-sarasota,12/1/18,8788
nashville,8/1/18,8750
jacksonville,11/1/18,8724
jacksonville,1/1/19,8665
indianapolis,3/1/19,8655
pittsburgh,5/1/19,8655
roanoke-lynchburg,2/1/19,8615
pittsburgh,9/1/18,8610
sacramento-stockton-modesto,7/1/18,8610
santa barbara-san mar-san luis obispo,2/1/19,8608
pittsburgh,7/1/18,8605
miami-fort lauderdale,7/1/18,8560
milwaukee,10/1/18,8505
"columbus, oh",7/1/18,8500
baltimore,1/1/19,8450
kansas city,12/1/18,8415
saint louis,7/1/18,8410
roanoke-lynchburg,3/1/19,8378
saint louis,5/1/19,8274
"columbus, oh",12/1/18,8260
minneapolis-saint paul,8/1/18,8250
norfolk-portsmouth-newport news,2/1/19,8210
pittsburgh,1/1/19,8147
albuquerque-santa fe,1/1/19,8136
phoenix,4/1/19,8128
"columbus, oh",3/1/19,8105
cleveland-akron,10/1/18,8015
"columbus, oh",9/1/18,8015
san diego,3/1/19,8013
cincinnati,5/1/19,8000
knoxville,11/1/18,8000
albuquerque-santa fe,7/1/18,8000
phoenix,1/1/19,7911
jacksonville,10/1/18,7865
omaha,11/1/18,7825
jacksonville,4/1/19,7805
miami-fort lauderdale,10/1/18,7773
san antonio,3/1/19,7770
wilkes barre-scranton,12/1/18,7765
duluth-superior,2/1/19,7737
santa barbara-san mar-san luis obispo,5/1/19,7735
new orleans,11/1/18,7700
cincinnati,4/1/19,7699
san diego,1/1/19,7640
west palm beach-ft pierce,7/1/18,7610
birmingham,3/1/19,7568
mobile-pensacola,11/1/18,7563
richmond-petersburg,12/1/18,7538
greensboro-high point-winston salem,2/1/19,7529
fresno-visalia,12/1/18,7527
indianapolis,12/1/18,7510
louisville,3/1/19,7475
sacramento-stockton-modesto,12/1/18,7449
charlottesville,11/1/18,7439
cleveland-akron,6/1/18,7420
colorado springs-pueblo,11/1/18,7413
indianapolis,7/1/18,7405
orlando-daytona beach-melbourne,5/1/19,7370
charlotte,5/1/19,7340
harrisburg-lancaster-lebanon-york,4/1/19,7324
san diego,4/1/19,7323
charlotte,1/1/19,7320
milwaukee,7/1/18,7315
grand rapids-kalamazoo-battle creek,1/1/19,7260
albuquerque-santa fe,12/1/18,7230
rochester-mason city-austin,2/1/19,7160
santa barbara-san mar-san luis obispo,7/1/18,7155
albany-schenectady-troy,1/1/19,7125
oklahoma city,2/1/19,7115
orlando-daytona beach-melbourne,7/1/18,7115
baltimore,8/1/18,7070
harrisburg-lancaster-lebanon-york,5/1/19,7020
madison,12/1/18,7015
salt lake city,8/1/18,6965
salt lake city,6/1/18,6965
minneapolis-saint paul,6/1/18,6905
saint louis,12/1/18,6893
oklahoma city,11/1/18,6885
kansas city,10/1/18,6883
albany-schenectady-troy,2/1/19,6815
new orleans,10/1/18,6815
wichita-hutchinson plus,2/1/19,6814
harrisburg-lancaster-lebanon-york,12/1/18,6814
saint louis,9/1/18,6810
monterey-salinas,1/1/19,6765
grand rapids-kalamazoo-battle creek,2/1/19,6763
pittsburgh,12/1/18,6720
lexington,4/1/19,6685
boise,2/1/19,6681
sacramento-stockton-modesto,8/1/18,6680
charlottesville,1/1/19,6670
fort smith-fay-sprngdl,11/1/18,6670
"charleston, sc",11/1/18,6665
colorado springs-pueblo,4/1/19,6627
san antonio,12/1/18,6578
miami-fort lauderdale,8/1/18,6570
"rochester, ny",2/1/19,6568
grand rapids-kalamazoo-battle creek,12/1/18,6558
cedar rapids-waterloo-dubuque,3/1/19,6539
champaign-springfield-decatur,4/1/19,6536
grand rapids-kalamazoo-battle creek,5/1/19,6525
tampa-st petersburg-sarasota,7/1/18,6525
richmond-petersburg,9/1/18,6520
south bend-elkhart,3/1/19,6493
albany-schenectady-troy,11/1/18,6475
detroit,6/1/18,6475
odessa-midland,9/1/18,6470
madison,7/1/18,6470
green bay-appleton,11/1/18,6429
tucson-sierra vista,5/1/19,6365
"columbus, oh",10/1/18,6363
south bend-elkhart,11/1/18,6355
sacramento-stockton-modesto,9/1/18,6330
tucson-sierra vista,2/1/19,6330
indianapolis,5/1/19,6320
monterey-salinas,4/1/19,6320
san antonio,9/1/18,6265
oklahoma city,5/1/19,6190
richmond-petersburg,10/1/18,6175
madison,5/1/19,6170
toledo,11/1/18,6166
eugene,1/1/19,6163
albany-schenectady-troy,12/1/18,6149
tampa-st petersburg-sarasota,9/1/18,6120
roanoke-lynchburg,4/1/19,6118
indianapolis,6/1/18,6115
duluth-superior,7/1/18,6115
harrisburg-lancaster-lebanon-york,9/1/18,6115
orlando-daytona beach-melbourne,4/1/19,6060
richmond-petersburg,1/1/19,6025
madison,6/1/18,6025
reno,2/1/19,6020
"bend, or",4/1/19,6017
buffalo,5/1/19,6000
albany-schenectady-troy,3/1/19,5997
salt lake city,10/1/18,5970
chattanooga,10/1/18,5970
greenville-spartanburg-asheville,7/1/18,5970
albuquerque-santa fe,2/1/19,5950
cincinnati,10/1/18,5930
cedar rapids-waterloo-dubuque,12/1/18,5928
greensboro-high point-winston salem,5/1/19,5915
"charleston, sc",5/1/19,5905
"rochester, ny",5/1/19,5890
missoula,5/1/19,5880
charlotte,6/1/18,5875
miami-fort lauderdale,3/1/19,5838
phoenix,12/1/18,5828
jacksonville,9/1/18,5825
tampa-st petersburg-sarasota,1/1/19,5820
huntsville-decatur-florence,12/1/18,5820
phoenix,6/1/18,5810
san antonio,1/1/19,5770
new orleans,3/1/19,5715
albuquerque-santa fe,10/1/18,5715
las vegas,11/1/18,5702
reno,7/1/18,5680
"charleston, sc",2/1/19,5670
san antonio,7/1/18,5665
des moines-ames,11/1/18,5660
wichita-hutchinson plus,7/1/18,5620
new orleans,2/1/19,5610
spokane,4/1/19,5558
reno,5/1/19,5535
biloxi-gulfport,2/1/19,5528
chattanooga,4/1/19,5525
buffalo,3/1/19,5525
boise,3/1/19,5503
norfolk-portsmouth-newport news,3/1/19,5470
boise,5/1/19,5445
raleigh-durham,8/1/18,5420
des moines-ames,12/1/18,5420
louisville,12/1/18,5420
buffalo,10/1/18,5380
huntsville-decatur-florence,9/1/18,5375
jacksonville,12/1/18,5370
albany-schenectady-troy,9/1/18,5365
oklahoma city,4/1/19,5335
lansing,4/1/19,5330
fort smith-fay-sprngdl,12/1/18,5329
san antonio,6/1/18,5320
louisville,10/1/18,5315
nashville,1/1/19,5291
louisville,2/1/19,5275
pittsburgh,10/1/18,5273
albany-schenectady-troy,4/1/19,5245
fresno-visalia,10/1/18,5230
medford-klamath falls,4/1/19,5230
"charleston, sc",9/1/18,5230
charlotte,2/1/19,5220
phoenix,8/1/18,5180
lansing,12/1/18,5140
spokane,3/1/19,5125
baltimore,10/1/18,5125
johnstown-altoona,10/1/18,5125
albuquerque-santa fe,3/1/19,5080
spokane,10/1/18,5070
roanoke-lynchburg,5/1/19,5059
cincinnati,9/1/18,5020
greensboro-high point-winston salem,3/1/19,4965
kansas city,7/1/18,4935
greenville-spartanburg-asheville,5/1/19,4930
des moines-ames,6/1/18,4920
"springfield, mo",5/1/19,4920
eugene,4/1/19,4896
augusta,9/1/18,4880
norfolk-portsmouth-newport news,7/1/18,4875
"columbia, sc",3/1/19,4830
tucson-sierra vista,3/1/19,4809
greenville-spartanburg-asheville,10/1/18,4785
indianapolis,1/1/19,4775
johnstown-altoona,5/1/19,4770
butte-bozeman,11/1/18,4763
louisville,1/1/19,4760
madison,9/1/18,4735
las vegas,7/1/18,4735
miami-fort lauderdale,6/1/18,4725
dayton,2/1/19,4725
albany-schenectady-troy,7/1/18,4720
"rochester, ny",10/1/18,4680
boise,1/1/19,4680
toledo,7/1/18,4680
cedar rapids-waterloo-dubuque,2/1/19,4670
little rock-pine bluff,5/1/19,4659
las vegas,6/1/18,4630
orlando-daytona beach-melbourne,1/1/19,4625
odessa-midland,11/1/18,4607
santa barbara-san mar-san luis obispo,3/1/19,4605
flint-saginaw-bay city,11/1/18,4575
san diego,8/1/18,4575
charlottesville,5/1/19,4525
el paso,11/1/18,4506
harrisburg-lancaster-lebanon-york,7/1/18,4480
monterey-salinas,3/1/19,4473
milwaukee,3/1/19,4465
mobile-pensacola,5/1/19,4380
madison,3/1/19,4373
fresno-visalia,2/1/19,4373
new orleans,4/1/19,4348
harrisburg-lancaster-lebanon-york,2/1/19,4335
des moines-ames,2/1/19,4330
orlando-daytona beach-melbourne,10/1/18,4280
"columbus, ga",10/1/18,4280
baton rouge,4/1/19,4280
colorado springs-pueblo,6/1/18,4230
south bend-elkhart,10/1/18,4225
tulsa,5/1/19,4195
spokane,5/1/19,4185
las vegas,3/1/19,4175
new orleans,6/1/18,4175
madison,10/1/18,4130
"charleston, sc",7/1/18,4130
syracuse,9/1/18,4130
fresno-visalia,7/1/18,4125
boise,4/1/19,4075
lansing,6/1/18,4070
memphis,1/1/19,4054
harrisburg-lancaster-lebanon-york,8/1/18,4035
columbia-jefferson city,2/1/19,4025
lincoln-hastings-kearney plus,3/1/19,4013
traverse city-cadillac,11/1/18,4001
greensboro-high point-winston salem,12/1/18,4001
gainesville,4/1/19,4000
huntsville-decatur-florence,5/1/19,3990
green bay-appleton,3/1/19,3985
boise,10/1/18,3980
roanoke-lynchburg,12/1/18,3939
syracuse,8/1/18,3930
myrtle beach-florence,5/1/19,3930
detroit,8/1/18,3930
roanoke-lynchburg,11/1/18,3930
greensboro-high point-winston salem,9/1/18,3930
colorado springs-pueblo,2/1/19,3930
lincoln-hastings-kearney plus,11/1/18,3930
"rochester, ny",11/1/18,3927
santa barbara-san mar-san luis obispo,11/1/18,3904
myrtle beach-florence,2/1/19,3890
monterey-salinas,5/1/19,3880
wichita-hutchinson plus,3/1/19,3880
paducah-cape girardeau-harrisburg,7/1/18,3880
champaign-springfield-decatur,11/1/18,3875
birmingham,6/1/18,3875
huntsville-decatur-florence,1/1/19,3839
cedar rapids-waterloo-dubuque,4/1/19,3838
"columbia, sc",5/1/19,3835
colorado springs-pueblo,7/1/18,3830
spokane,9/1/18,3825
louisville,8/1/18,3785
tallahassee-thomasville,2/1/19,3785
greenville-spartanburg-asheville,12/1/18,3780
roanoke-lynchburg,7/1/18,3735
"rochester, ny",3/1/19,3730
greensboro-high point-winston salem,11/1/18,3678
"columbus, oh",1/1/19,3675
sioux falls (mitchell),2/1/19,3670
san antonio,4/1/19,3650
reno,12/1/18,3635
green bay-appleton,7/1/18,3635
savannah,6/1/18,3635
savannah,10/1/18,3635
"columbia, sc",2/1/19,3635
norfolk-portsmouth-newport news,9/1/18,3635
birmingham,9/1/18,3635
chico-redding,6/1/18,3630
"columbia, sc",7/1/18,3630
roanoke-lynchburg,8/1/18,3625
peoria-bloomington,5/1/19,3585
charlottesville,2/1/19,3585
reno,11/1/18,3577
waco-temple-bryan,10/1/18,3530
savannah,9/1/18,3530
greensboro-high point-winston salem,6/1/18,3530
butte-bozeman,2/1/19,3530
south bend-elkhart,2/1/19,3490
san antonio,10/1/18,3485
champaign-springfield-decatur,1/1/19,3475
cincinnati,3/1/19,3435
missoula,7/1/18,3390
wausau-rhinelander,12/1/18,3382
charlottesville,4/1/19,3380
west palm beach-ft pierce,11/1/18,3375
san angelo,2/1/19,3335
champaign-springfield-decatur,7/1/18,3335
idaho falls-pocatello,11/1/18,3335
louisville,5/1/19,3310
tucson-sierra vista,4/1/19,3305
huntsville-decatur-florence,2/1/19,3285
san francisco-oakland-san jose,5/1/18,3285
lexington,2/1/19,3285
harrisburg-lancaster-lebanon-york,3/1/19,3285
wilmington,3/1/19,3285
butte-bozeman,4/1/19,3265
minot-bismarck-dickinson,5/1/19,3265
louisville,4/1/19,3259
syracuse,12/1/18,3254
jacksonville,8/1/18,3235
salisbury,12/1/18,3235
indianapolis,10/1/18,3235
traverse city-cadillac,2/1/19,3233
syracuse,2/1/19,3214
wilkes barre-scranton,10/1/18,3190
"jackson, ms",5/1/19,3190
cheyenne-scottsbluff,1/1/19,3190
birmingham,2/1/19,3184
"jackson, ms",2/1/19,3180
parkersburg,12/1/18,3180
"columbus, ga",1/1/19,3168
champaign-springfield-decatur,2/1/19,3140
columbia-jefferson city,4/1/19,3140
charlotte,8/1/18,3140
reno,10/1/18,3140
sacramento-stockton-modesto,10/1/18,3140
knoxville,7/1/18,3140
green bay-appleton,6/1/18,3135
fort smith-fay-sprngdl,6/1/18,3135
syracuse,1/1/19,3135
amarillo,12/1/18,3125
fargo-valley city,9/1/18,3125
evansville,11/1/18,3120
twin falls,1/1/19,3090
knoxville,10/1/18,3090
spokane,12/1/18,3085
bakersfield,2/1/19,3085
lansing,1/1/19,3085
"charleston, sc",1/1/19,3085
"columbia, sc",4/1/19,3085
las vegas,8/1/18,3085
harrisonburg,3/1/19,3085
topeka,5/1/19,3085
bakersfield,11/1/18,3050
santa barbara-san mar-san luis obispo,4/1/19,3035
las vegas,12/1/18,3035
birmingham,11/1/18,3030
"columbus, oh",8/1/18,3030
fort smith-fay-sprngdl,9/1/18,3030
tampa-st petersburg-sarasota,10/1/18,3030
birmingham,1/1/19,3030
south bend-elkhart,4/1/19,3008
idaho falls-pocatello,10/1/18,2980
little rock-pine bluff,11/1/18,2980
green bay-appleton,5/1/19,2980
duluth-superior,5/1/19,2980
roanoke-lynchburg,9/1/18,2980
savannah,1/1/19,2980
lexington,5/1/19,2965
yakima-pasco-rchlnd-knnwck,3/1/19,2954
charleston-huntington,7/1/18,2935
wilkes barre-scranton,11/1/18,2935
utica,5/1/19,2935
medford-klamath falls,5/1/19,2890
little rock-pine bluff,10/1/18,2885
eugene,3/1/19,2885
norfolk-portsmouth-newport news,10/1/18,2885
wilkes barre-scranton,1/1/19,2883
butte-bozeman,3/1/19,2880
lincoln-hastings-kearney plus,2/1/19,2860
harrisburg-lancaster-lebanon-york,10/1/18,2857
fort smith-fay-sprngdl,4/1/19,2840
flint-saginaw-bay city,3/1/19,2840
des moines-ames,7/1/18,2840
davenport-rock island-moline,6/1/18,2840
mobile-pensacola,1/1/19,2833
tulsa,2/1/19,2833
paducah-cape girardeau-harrisburg,4/1/19,2830
wilmington,7/1/18,2830
la crosse-eau claire,2/1/19,2830
monterey-salinas,7/1/18,2830
omaha,2/1/19,2814
grand rapids-kalamazoo-battle creek,3/1/19,2790
colorado springs-pueblo,10/1/18,2790
harlingen-weslaco-brownsville,11/1/18,2790
albany-schenectady-troy,10/1/18,2790
harrisburg-lancaster-lebanon-york,1/1/19,2790
minot-bismarck-dickinson,2/1/19,2790
cedar rapids-waterloo-dubuque,1/1/19,2790
billings,7/1/18,2790
champaign-springfield-decatur,8/1/18,2790
binghamton,10/1/18,2790
orlando-daytona beach-melbourne,3/1/19,2790
cincinnati,2/1/19,2790
greensboro-high point-winston salem,4/1/19,2790
oklahoma city,1/1/19,2790
davenport-rock island-moline,5/1/19,2773
buffalo,7/1/18,2740
fresno-visalia,5/1/19,2740
fort wayne,5/1/19,2740
des moines-ames,3/1/19,2735
charleston-huntington,1/1/19,2735
santa barbara-san mar-san luis obispo,9/1/18,2735
nashville,10/1/18,2735
butte-bozeman,5/1/19,2735
wichita-hutchinson plus,1/1/19,2735
champaign-springfield-decatur,12/1/18,2704
savannah,11/1/18,2685
johnstown-altoona,4/1/19,2685
"bend, or",2/1/19,2685
"rochester, ny",12/1/18,2685
new york,5/1/18,2685
mobile-pensacola,6/1/18,2685
yakima-pasco-rchlnd-knnwck,11/1/18,2685
west palm beach-ft pierce,3/1/19,2680
eugene,7/1/18,2675
huntsville-decatur-florence,11/1/18,2652
new orleans,7/1/18,2640
wilmington,2/1/19,2631
shreveport,10/1/18,2630
"lafayette, la",5/1/19,2630
johnstown-altoona,7/1/18,2585
colorado springs-pueblo,3/1/19,2559
san angelo,4/1/19,2548
gainesville,12/1/18,2543
knoxville,6/1/18,2540
lansing,5/1/19,2540
traverse city-cadillac,10/1/18,2535
boise,8/1/18,2535
louisville,7/1/18,2535
flint-saginaw-bay city,7/1/18,2535
cedar rapids-waterloo-dubuque,5/1/19,2530
west palm beach-ft pierce,4/1/19,2510
milwaukee,1/1/19,2499
greenville-spartanburg-asheville,6/1/18,2485
sacramento-stockton-modesto,6/1/18,2485
grand junction-montrose,11/1/18,2480
lubbock,11/1/18,2446
billings,4/1/19,2440
baton rouge,3/1/19,2440
roanoke-lynchburg,1/1/19,2440
little rock-pine bluff,9/1/18,2440
monterey-salinas,2/1/19,2440
bakersfield,5/1/19,2440
saint louis,8/1/18,2440
buffalo,4/1/19,2440
cedar rapids-waterloo-dubuque,9/1/18,2440
charlottesville,10/1/18,2421
"charleston, sc",8/1/18,2390
fort wayne,4/1/19,2390
davenport-rock island-moline,12/1/18,2390
san antonio,8/1/18,2390
topeka,3/1/19,2390
south bend-elkhart,8/1/18,2390
cedar rapids-waterloo-dubuque,11/1/18,2390
kansas city,1/1/19,2390
grand rapids-kalamazoo-battle creek,10/1/18,2390
greenville-spartanburg-asheville,4/1/19,2390
lansing,10/1/18,2390
montgomery,3/1/19,2390
fort smith-fay-sprngdl,5/1/19,2370
santa barbara-san mar-san luis obispo,12/1/18,2357
des moines-ames,9/1/18,2335
tyler-longview (lfkn&ncgd),2/1/19,2335
tallahassee-thomasville,4/1/19,2335
west palm beach-ft pierce,8/1/18,2335
youngstown,10/1/18,2335
traverse city-cadillac,4/1/19,2335
"rochester, ny",9/1/18,2335
fort wayne,11/1/18,2335
albuquerque-santa fe,4/1/19,2335
buffalo,1/1/19,2335
mobile-pensacola,10/1/18,2240
fargo-valley city,11/1/18,2240
greenville-new bern-washington,12/1/18,2239
chico-redding,3/1/19,2197
boise,7/1/18,2190
"columbus, oh",6/1/18,2190
lexington,6/1/18,2190
"jackson, ms",6/1/18,2190
tucson-sierra vista,6/1/18,2190
casper-riverton,4/1/19,2185
cedar rapids-waterloo-dubuque,6/1/18,2185
chattanooga,12/1/18,2185
savannah,12/1/18,2185
tulsa,9/1/18,2185
reno,1/1/19,2173
missoula,11/1/18,2135
lake charles,5/1/19,2090
marquette,9/1/18,2090
little rock-pine bluff,4/1/19,2090
knoxville,9/1/18,2090
grand rapids-kalamazoo-battle creek,6/1/18,2085
san diego,6/1/18,2085
columbia-jefferson city,12/1/18,2059
duluth-superior,11/1/18,2059
omaha,4/1/19,2056
peoria-bloomington,4/1/19,2040
kansas city,8/1/18,2040
chattanooga,7/1/18,2040
harlingen-weslaco-brownsville,9/1/18,2040
milwaukee,8/1/18,2040
sioux falls (mitchell),8/1/18,2040
yakima-pasco-rchlnd-knnwck,1/1/19,2040
"columbus, ga",3/1/19,2040
madison,8/1/18,2040
toledo,2/1/19,2040
chico-redding,11/1/18,2040
omaha,6/1/18,2040
sioux falls (mitchell),6/1/18,2040
tyler-longview (lfkn&ncgd),9/1/18,2040
burlington-plattsburgh,11/1/18,2040
erie,10/1/18,2040
tallahassee-thomasville,12/1/18,2040
baton rouge,2/1/19,2040
tucson-sierra vista,1/1/19,2040
la crosse-eau claire,9/1/18,2040
"tri-cities, tn-va",3/1/19,2035
medford-klamath falls,1/1/19,2028
oklahoma city,12/1/18,2024
flint-saginaw-bay city,2/1/19,2024
knoxville,3/1/19,2019
la crosse-eau claire,1/1/19,2004
minot-bismarck-dickinson,11/1/18,2004
odessa-midland,2/1/19,2004
champaign-springfield-decatur,5/1/19,1985
"bend, or",10/1/18,1985
amarillo,5/1/19,1985
cleveland-akron,8/1/18,1985
johnstown-altoona,3/1/19,1985
west palm beach-ft pierce,2/1/19,1985
augusta,1/1/19,1985
baton rouge,9/1/18,1985
billings,9/1/18,1985
monterey-salinas,11/1/18,1945
tulsa,10/1/18,1945
knoxville,4/1/19,1945
wichita-hutchinson plus,4/1/19,1945
great falls,3/1/19,1945
cheyenne-scottsbluff,2/1/19,1945
mobile-pensacola,2/1/19,1945
huntsville-decatur-florence,10/1/18,1945
new orleans,9/1/18,1945
monterey-salinas,9/1/18,1945
tucson-sierra vista,11/1/18,1945
wichita falls-lawton,2/1/19,1945
tyler-longview (lfkn&ncgd),11/1/18,1945
butte-bozeman,10/1/18,1945
harrisonburg,2/1/19,1945
idaho falls-pocatello,9/1/18,1945
huntsville-decatur-florence,7/1/18,1945
el paso,2/1/19,1945
charleston-huntington,2/1/19,1945
el paso,9/1/18,1945
fort smith-fay-sprngdl,2/1/19,1945
wichita-hutchinson plus,10/1/18,1945
"bend, or",8/1/18,1945
minot-bismarck-dickinson,4/1/19,1945
utica,4/1/19,1945
pittsburgh,6/1/18,1940
gainesville,7/1/18,1890
milwaukee,6/1/18,1890
shreveport,5/1/19,1890
salisbury,7/1/18,1890
toledo,6/1/18,1890
"rochester, ny",1/1/19,1890
la crosse-eau claire,6/1/18,1885
bakersfield,7/1/18,1885
chattanooga,5/1/19,1880
omaha,8/1/18,1840
augusta,2/1/19,1840
omaha,9/1/18,1840
flint-saginaw-bay city,1/1/19,1840
orlando-daytona beach-melbourne,12/1/18,1840
billings,2/1/19,1840
toledo,10/1/18,1840
knoxville,5/1/19,1840
medford-klamath falls,3/1/19,1840
charleston-huntington,10/1/18,1840
charleston-huntington,3/1/19,1835
little rock-pine bluff,2/1/19,1835
waco-temple-bryan,11/1/18,1817
waco-temple-bryan,1/1/19,1812
memphis,7/1/18,1745
greenville-new bern-washington,6/1/18,1745
fort myers-naples,7/1/18,1745
norfolk-portsmouth-newport news,6/1/18,1740
panama city,5/1/19,1713
odessa-midland,4/1/19,1690
la crosse-eau claire,11/1/18,1690
missoula,1/1/19,1690
odessa-midland,1/1/19,1690
champaign-springfield-decatur,3/1/19,1690
greenville-new bern-washington,1/1/19,1690
norfolk-portsmouth-newport news,8/1/18,1690
cincinnati,6/1/18,1690
youngstown,11/1/18,1690
chico-redding,2/1/19,1690
kansas city,6/1/18,1690
chattanooga,9/1/18,1690
panama city,10/1/18,1690
little rock-pine bluff,3/1/19,1690
santa barbara-san mar-san luis obispo,8/1/18,1690
lincoln-hastings-kearney plus,4/1/19,1690
monterey-salinas,6/1/18,1685
augusta,5/1/19,1685
"columbia, sc",11/1/18,1685
amarillo,2/1/19,1678
eugene,2/1/19,1650
buffalo,6/1/18,1640
new orleans,12/1/18,1638
wilmington,11/1/18,1638
great falls,11/1/18,1635
augusta,12/1/18,1631
lincoln-hastings-kearney plus,5/1/19,1620
wilkes barre-scranton,7/1/18,1610
"springfield, mo",11/1/18,1595
"lafayette, la",4/1/19,1595
phoenix,10/1/18,1595
grand junction-montrose,4/1/19,1595
albany-schenectady-troy,8/1/18,1595
syracuse,11/1/18,1595
green bay-appleton,12/1/18,1595
victoria,1/1/19,1595
twin falls,11/1/18,1595
watertown,12/1/18,1595
tulsa,4/1/19,1595
gainesville,9/1/18,1595
billings,3/1/19,1595
lexington,1/1/19,1595
mobile-pensacola,4/1/19,1595
tallahassee-thomasville,9/1/18,1595
reno,9/1/18,1595
lansing,3/1/19,1595
fort myers-naples,2/1/19,1595
columbia-jefferson city,3/1/19,1595
helena,11/1/18,1595
santa barbara-san mar-san luis obispo,1/1/19,1595
"columbus, ga",8/1/18,1595
hattiesburg-laurel,2/1/19,1595
davenport-rock island-moline,11/1/18,1595
knoxville,2/1/19,1595
fort myers-naples,11/1/18,1595
amarillo,9/1/18,1595
"lafayette, la",7/1/18,1595
abilene-sweetwater,2/1/19,1595
norfolk-portsmouth-newport news,1/1/19,1595
greenville-spartanburg-asheville,8/1/18,1595
fort myers-naples,3/1/19,1595
salisbury,1/1/19,1595
west palm beach-ft pierce,5/1/19,1595
bowling green,11/1/18,1595
"tri-cities, tn-va",10/1/18,1595
birmingham,5/1/19,1595
wilmington,1/1/19,1595
cedar rapids-waterloo-dubuque,8/1/18,1595
fargo-valley city,3/1/19,1595
chico-redding,12/1/18,1595
"charleston, sc",3/1/19,1595
butte-bozeman,9/1/18,1595
indianapolis,8/1/18,1595
watertown,11/1/18,1595
hattiesburg-laurel,5/1/19,1595
yakima-pasco-rchlnd-knnwck,12/1/18,1595
dayton,7/1/18,1595
dothan,5/1/19,1595
utica,3/1/19,1595
greenville-new bern-washington,3/1/19,1595
richmond-petersburg,8/1/18,1595
little rock-pine bluff,7/1/18,1595
mankato,2/1/19,1595
lubbock,1/1/19,1595
evansville,7/1/18,1585
fargo-valley city,1/1/19,1545
flint-saginaw-bay city,4/1/19,1545
"jackson, ms",3/1/19,1545
grand rapids-kalamazoo-battle creek,8/1/18,1545
corpus christi,1/1/19,1545
lima,4/1/19,1545
augusta,11/1/18,1545
evansville,2/1/19,1545
memphis,4/1/19,1545
paducah-cape girardeau-harrisburg,11/1/18,1545
yuma-el centro,10/1/18,1545
davenport-rock island-moline,8/1/18,1545
erie,12/1/18,1545
lubbock,8/1/18,1545
fort smith-fay-sprngdl,1/1/19,1540
waco-temple-bryan,9/1/18,1540
norfolk-portsmouth-newport news,12/1/18,1533
toledo,12/1/18,1505
davenport-rock island-moline,3/1/19,1503
fort myers-naples,9/1/18,1490
"lafayette, la",2/1/19,1490
rockford,2/1/19,1490
missoula,9/1/18,1490
madison,1/1/19,1490
chico-redding,10/1/18,1490
greensboro-high point-winston salem,8/1/18,1490
"columbus, ga",9/1/18,1490
rockford,1/1/19,1490
idaho falls-pocatello,8/1/18,1490
lexington,11/1/18,1490
waco-temple-bryan,2/1/19,1490
harlingen-weslaco-brownsville,5/1/19,1490
augusta,4/1/19,1490
spokane,8/1/18,1490
tallahassee-thomasville,3/1/19,1490
youngstown,5/1/19,1490
dayton,4/1/19,1490
new orleans,1/1/19,1490
missoula,2/1/19,1490
butte-bozeman,1/1/19,1490
la crosse-eau claire,4/1/19,1490
myrtle beach-florence,1/1/19,1490
fargo-valley city,12/1/18,1490
yakima-pasco-rchlnd-knnwck,4/1/19,1490
knoxville,8/1/18,1490
sherman-ada,5/1/19,1490
lexington,8/1/18,1490
"lafayette, in",11/1/18,1490
boise,12/1/18,1490
chattanooga,3/1/19,1490
"albany, ga",2/1/19,1490
casper-riverton,6/1/18,1445
baton rouge,7/1/18,1445
wausau-rhinelander,6/1/18,1445
clarksburg-weston,7/1/18,1445
"charleston, sc",6/1/18,1445
minot-bismarck-dickinson,6/1/18,1445
harlingen-weslaco-brownsville,7/1/18,1445
rochester-mason city-austin,6/1/18,1445
yakima-pasco-rchlnd-knnwck,7/1/18,1445
harrisburg-lancaster-lebanon-york,6/1/18,1445
cheyenne-scottsbluff,7/1/18,1445
odessa-midland,7/1/18,1445
memphis,12/1/18,1419
"albany, ga",7/1/18,1390
charleston-huntington,6/1/18,1390
tulsa,6/1/18,1390
mankato,6/1/18,1390
"bend, or",6/1/18,1390
little rock-pine bluff,6/1/18,1390
"jackson, tn",7/1/18,1390
"lafayette, la",11/1/18,1383
lima,2/1/19,1340
albany-schenectady-troy,5/1/19,1339
savannah,4/1/19,1315
south bend-elkhart,6/1/18,1290
youngstown,4/1/19,1265
fresno-visalia,3/1/19,1245
"charleston, sc",12/1/18,1245
idaho falls-pocatello,5/1/19,1230
traverse city-cadillac,5/1/19,1195
davenport-rock island-moline,4/1/19,1195
meridian,10/1/18,1195
"tri-cities, tn-va",2/1/19,1195
south bend-elkhart,7/1/18,1195
green bay-appleton,8/1/18,1195
rochester-mason city-austin,11/1/18,1195
monterey-salinas,10/1/18,1195
panama city,1/1/19,1195
wilmington,5/1/19,1195
terre haute,9/1/18,1195
memphis,3/1/19,1195
duluth-superior,3/1/19,1195
columbus-tupelo-west point,5/1/19,1195
salisbury,4/1/19,1195
yakima-pasco-rchlnd-knnwck,2/1/19,1195
greenville-spartanburg-asheville,3/1/19,1195
odessa-midland,5/1/19,1195
"columbus, ga",11/1/18,1195
des moines-ames,4/1/19,1195
greenville-spartanburg-asheville,1/1/19,1195
"tri-cities, tn-va",4/1/19,1195
tucson-sierra vista,9/1/18,1195
beaumont-port arthur,1/1/19,1195
memphis,11/1/18,1195
"bend, or",3/1/19,1195
peoria-bloomington,2/1/19,1195
davenport-rock island-moline,2/1/19,1195
"charleston, sc",4/1/19,1195
chattanooga,1/1/19,1195
amarillo,4/1/19,1195
eureka,1/1/19,1195
toledo,8/1/18,1195
cincinnati,1/1/19,1195
"springfield, mo",10/1/18,1195
harlingen-weslaco-brownsville,8/1/18,1195
topeka,4/1/19,1195
syracuse,10/1/18,1195
knoxville,1/1/19,1195
eugene,5/1/19,1195
colorado springs-pueblo,1/1/19,1195
victoria,3/1/19,1195
lexington,3/1/19,1195
oklahoma city,9/1/18,1195
panama city,11/1/18,1195
dayton,9/1/18,1195
medford-klamath falls,10/1/18,1195
west palm beach-ft pierce,1/1/19,1195
tulsa,1/1/19,1195
lake charles,2/1/19,1195
beaumont-port arthur,4/1/19,1195
youngstown,9/1/18,1195
duluth-superior,1/1/19,1195
rapid city,5/1/19,1168
green bay-appleton,4/1/19,1140
peoria-bloomington,11/1/18,1140
"columbia, sc",8/1/18,1140
missoula,4/1/19,1140
grand rapids-kalamazoo-battle creek,7/1/18,1140
dayton,8/1/18,1140
eugene,12/1/18,1140
las vegas,2/1/19,1140
buffalo,8/1/18,1140
dayton,11/1/18,1140
"columbia, sc",1/1/19,1140
savannah,2/1/19,1140
waco-temple-bryan,3/1/19,1140
eugene,8/1/18,1140
burlington-plattsburgh,7/1/18,1095
watertown,6/1/18,1095
albany-schenectady-troy,6/1/18,1095
el paso,6/1/18,1095
saint louis,6/1/18,1095
macon,7/1/18,1095
waco-temple-bryan,6/1/18,1095
syracuse,7/1/18,1095
memphis,6/1/18,1095
syracuse,6/1/18,1095
tyler-longview (lfkn&ncgd),6/1/18,1095
albuquerque-santa fe,6/1/18,1095
santa barbara-san mar-san luis obispo,6/1/18,1095
huntsville-decatur-florence,6/1/18,1095
"tri-cities, tn-va",6/1/18,1095
gainesville,6/1/18,1095
macon,6/1/18,1095
omaha,12/1/18,1037
jacksonville,5/1/19,1021
"rochester, ny",4/1/19,995
grand junction-montrose,5/1/19,995
elmira,5/1/19,995
norfolk-portsmouth-newport news,4/1/19,995
rochester-mason city-austin,5/1/19,995
minot-bismarck-dickinson,3/1/19,990
casper-riverton,1/1/19,990
joplin-pittsburg,1/1/19,990
syracuse,3/1/19,990
wheeling-steubenville,3/1/19,990
fresno-visalia,4/1/19,990
charleston-huntington,5/1/19,963
"columbus, ga",2/1/19,953
south bend-elkhart,12/1/18,924
colorado springs-pueblo,12/1/18,919
columbia-jefferson city,11/1/18,895
las vegas,1/1/19,869
minot-bismarck-dickinson,1/1/19,845
cleveland-akron,9/1/18,845
rockford,4/1/19,845
tucson-sierra vista,8/1/18,845
chattanooga,11/1/18,845
dayton,10/1/18,845
lincoln-hastings-kearney plus,8/1/18,845
tyler-longview (lfkn&ncgd),4/1/19,845
birmingham,12/1/18,845
medford-klamath falls,7/1/18,845
charlottesville,8/1/18,845
el paso,7/1/18,845
south bend-elkhart,1/1/19,845
lexington,9/1/18,845
chico-redding,1/1/19,845
louisville,9/1/18,845
birmingham,8/1/18,845
toledo,5/1/19,845
las vegas,10/1/18,845
wilkes barre-scranton,3/1/19,845
tyler-longview (lfkn&ncgd),1/1/19,845
greensboro-high point-winston salem,1/1/19,845
buffalo,12/1/18,845
rockford,7/1/18,845
sioux falls (mitchell),3/1/19,845
yuma-el centro,11/1/18,845
rochester-mason city-austin,10/1/18,845
green bay-appleton,10/1/18,845
traverse city-cadillac,3/1/19,845
birmingham,7/1/18,845
"rochester, ny",7/1/18,795
quincy-hannibal-keokuk,6/1/18,795
west palm beach-ft pierce,10/1/18,790
binghamton,3/1/19,790
harrisonburg,5/1/19,790
charlottesville,7/1/18,790
tulsa,11/1/18,785
chico-redding,4/1/19,725
corpus christi,5/1/19,725
knoxville,12/1/18,590
fort myers-naples,5/1/19,590
parkersburg,11/1/18,569
tyler-longview (lfkn&ncgd),7/1/18,495
charlottesville,6/1/18,495
reno,4/1/19,495
little rock-pine bluff,1/1/19,495
sioux falls (mitchell),11/1/18,495
spokane,1/1/19,495
yakima-pasco-rchlnd-knnwck,9/1/18,495
"lafayette, in",7/1/18,495
dayton,1/1/19,495
"springfield, mo",1/1/19,495
sioux falls (mitchell),10/1/18,295
wausau-rhinelander,2/1/19,295
colorado springs-pueblo,5/1/19,295
"springfield, mo",3/1/19,295
tucson-sierra vista,10/1/18,295
mobile-pensacola,3/1/19,295
augusta,10/1/18,295
savannah,8/1/18,295
tyler-longview (lfkn&ncgd),3/1/19,295
des moines-ames,1/1/19,295
victoria,4/1/19,295
champaign-springfield-decatur,10/1/18,236
san angelo,5/1/19,182
idaho falls-pocatello,12/1/18,148
salisbury,5/1/19,143
columbia-jefferson city,5/1/19,142
salisbury,3/1/19,126
lexington,7/1/18,120
wausau-rhinelander,11/1/18,114
dayton,5/1/19,79
toledo,3/1/19,68
wichita falls-lawton,4/1/19,48
